
[
 {
 "name": "Acadia",
 "image": "Acadia"
 },
 {
 "name": "Arches",
 "image": "Arches"
 },
 {
 "name": "Bryce Canyon",
 "image": "Bryce Canyon"
 },
 {
 "name": "Cuyahoga Valley",
 "image": "Cuyahoga Valley"
 },
 {
 "name": "Denali",
 "image": "Denali"
 },
 {
 "name": "Glacier",
 "image": "Glacier"
 },
 {
 "name": "Grand Canyon",
 "image": "Grand Canyon"
 },
 {
 "name": "Grand Tetons",
 "image": "Grand Tetons"
 },
 {
 "name": "Great Sand Dunes",
 "image": "Great Sand Dunes"
 },
 {
 "name": "Joshua Tree",
 "image": "Joshua Tree"
 },
 {
 "name": "Katmai",
 "image": "Katmai"
 },
 {
 "name": "Kenai Fjords",
 "image": "Kenai Fjords"
 },
 {
 "name": "Mesa Verde",
 "image": "Mesa Verde"
 },
 {
 "name": "Mount Rainier",
 "image": "Mount Rainier"
 }
]
